5E-CF-7F-01-85-56,5ECF7F018556,5C-CF-7F-01-85-56,5CCF7F018556
5E-CF-7F-01-85-56,5ECF7F018556,5C-CF-7F-01-85-56,5CCF7F018556
1A-FE-34-DA-62-BE,1AFE34DA62BE,18-FE-34-DA-62-BE,18FE34DA62BE
1A-FE-34-DA-62-BE,1AFE34DA62BE,18-FE-34-DA-62-BE,18FE34DA62BE
1A-FE-34-DA-62-BE,1AFE34DA62BE,18-FE-34-DA-62-BE,18FE34DA62BE
1A-FE-34-DA-62-BE,1AFE34DA62BE,18-FE-34-DA-62-BE,18FE34DA62BE
1A-FE-34-DA-62-BE,1AFE34DA62BE,18-FE-34-DA-62-BE,18FE34DA62BE
1A-FE-34-DA-62-BE,1AFE34DA62BE,18-FE-34-DA-62-BE,18FE34DA62BE
1A-FE-34-DA-62-BE,1AFE34DA62BE,18-FE-34-DA-62-BE,18FE34DA62BE
1A-FE-34-DA-62-BE,1AFE34DA62BE,18-FE-34-DA-62-BE,18FE34DA62BE
1A-FE-34-DA-62-BE,1AFE34DA62BE,18-FE-34-DA-62-BE,18FE34DA62BE
1A-FE-34-DA-62-BE,1AFE34DA62BE,18-FE-34-DA-62-BE,18FE34DA62BE
1A-FE-34-DA-62-BE,1AFE34DA62BE,18-FE-34-DA-62-BE,18FE34DA62BE
1A-FE-34-DA-62-BE,1AFE34DA62BE,18-FE-34-DA-62-BE,18FE34DA62BE
1A-FE-34-DA-62-D5,1AFE34DA62D5,18-FE-34-DA-62-D5,18FE34DA62D5
1A-FE-34-DA-62-D5,1AFE34DA62D5,18-FE-34-DA-62-D5,18FE34DA62D5
1A-FE-34-DA-62-D5,1AFE34DA62D5,18-FE-34-DA-62-D5,18FE34DA62D5
1A-FE-34-DA-62-D5,1AFE34DA62D5,18-FE-34-DA-62-D5,18FE34DA62D5
